{
  "Routes": [
    {
      "DownstreamPathTemplate": "/{everything}",
      "DownstreamScheme": "https",
      "DownstreamHostAndPorts": [
        {
          "Host": "cms-api.necmettincimen.xyz",
          "Port": 443
        }
      ],
      "UpstreamPathTemplate": "/cms-api/{everything}",
      "SwaggerKey": "cms-api",
      "RateLimitOptions": {
        "ClientWhitelist": [],
        "EnableRateLimiting": true,
        "Period": "1m",
        "PeriodTimespan": 60,
        "Limit": 10
      }
    },
    {
      "DownstreamPathTemplate": "/{everything}",
      "DownstreamScheme": "https",
      "DownstreamHostAndPorts": [
        {
          "Host": "blog-api-golang.necmettincimen.xyz",
          "Port": 443
        }
      ],
      "UpstreamPathTemplate": "/blog-api-golang/{everything}",
      "SwaggerKey": "blog-api-golang",
      "RateLimitOptions": {
        "ClientWhitelist": [],
        "EnableRateLimiting": true,
        "Period": "1m",
        "PeriodTimespan": 60,
        "Limit": 10
      }
    }
  ],
  "GlobalConfiguration": {
    "BaseUrl": "http://localhost:5143",
    "RateLimitOptions": {
      "ClientIdHeader": "ClientId",
      "DisableRateLimitHeaders": false,
      "HttpStatusCode": 429,
      "QuotaExceededMessage": "Rate limit exceeded. Please try again later.",
      "RateLimitCounterPrefix": "ocelot"
    }
  },
  "SwaggerEndPoints": [
    {
      "Key": "cms-api",
      "Config": [
        {
          "Name": "cms-api",
          "Version": "v1",
          "Url": "https://cms-api.necmettincimen.xyz/swagger/v1/swagger.json"
        }
      ]
    },
    {
      "Key": "blog-api-golang",
      "Config": [
        {
          "Name": "blog-api-golang",
          "Version": "v1",
          "Url": "https://blog-api-golang.necmettincimen.xyz/swagger/doc.json"
        }
      ]
    }
  ]
}
